[
{
  "model": "shopapp.product",
  "pk": 3,
  "fields": {
    "title": "Двухкамерный холодильник Beko B5RCNK403ZWB",
    "count": 30,
    "price": "650.00",
    "date": "2024-06-14T11:56:54.173Z",
    "description": "Двухкамерный холодильник Beko B5RCNK403ZWB",
    "fullDescription": "Общие данные:\r\nРазмеры:\r\nвысота (см): 201\r\nширина (см): 59,5\r\nглубина (см): 65\r\n\r\nОбщий объем/ Полезный объем:\r\nХолодильника (л): 403/357\r\nХолодильной камеры (вкл. зону свежести) (л): -/257\r\nМорозильной камеры (л): -/100\r\n\r\nТип управления: электронный\r\nКласс энергопотребления: A++\r\nКлиматический класс: SN-T (от +10°С до +43°С)\r\nКоличество компрессоров: 1\r\nГодовое потребление энергии: 276 кВтч\r\nЦвет: черный сапфир\r\n\r\nХолодильное отделение:\r\nПолки из закаленного стекла\r\nЗона свежести 0-3°C\r\nДвухконтурная система охлаждения\r\nСистема No Frost (Frost Free, Ноу Фрост)\r\nСветодиодная подсветка\r\nЯщик для овощей и фруктов HarvestFresh\r\nИнновационная технология 3-х цветов от Beko внутри отделения для фруктов и овощей воссоздает природный световой цикл, сохраняя витамины дольше.\r\nПодставка для яиц 1х10\r\nХромированная полка для бутылок\r\n\r\nМорозильное отделение:\r\nСистема No Frost (Frost Free, Ноу Фрост)\r\nВремя сохранения температуры без электричества: 21 ч\r\nМощность замораживания: 6 кг/24 ч\r\nСуперзаморозка Quick Freeze\r\n3 ящика\r\nЛоток для замораживания мелких продуктов ICE BANK (пельменница)\r\nФорма для кубиков льда\r\n\r\nДополнительная информация:\r\nЭлектронный внешний дисплей\r\nТип компрессора: инверторный\r\nРежим экономии энергии Eco Mode\r\nРежим «Отпуск»\r\nПеренавешиваемые двери\r\nСигнал открытой двери\r\nБлокировка дисплея\r\nУровень шума, дБ: 37",
    "freeDelivery": false,
    "category": 27,
    "sort_index": 2,
    "limited_edition": true,
    "banner": true
  }
},
{
  "model": "shopapp.product",
  "pk": 4,
  "fields": {
    "title": "Стиральная машина Beko WSPE7H616W",
    "count": 0,
    "price": "400.00",
    "date": "2024-06-15T12:26:45.955Z",
    "description": "Стиральная машина глубиной 45 см оснащена инверторным мотором ProSmart, нагревательным элементом Hi-Tech с защитой от накипи и технологией SteamCure, которая обрабатывает вещи паром до и после цикла стирки.",
    "fullDescription": "Стиральная машина Beko WSPE7H616W в каталоге Holodilnik.ru ( в Москве).\r\n\r\nСтиральная машина глубиной 45 см оснащена инверторным мотором ProSmart, нагревательным элементом Hi-Tech с защитой от накипи и технологией SteamCure, которая обрабатывает вещи паром до и после цикла стирки. Стиральная машина имеет 15 программ для разных типов ткани, а также специализированные режимы для спортивной одежды, пуховиков, гипоаллергенной стирки, быстрой стирки за 14 минут и эффективного удаления пятен. Технология HomeWhiz позволяет следить за стиркой и управлять работой стиральной машины с вашего смартфона или планшета.\r\n\r\nОсобенности:\r\nНагревательный элемент Hi-Tech. Защита от накипи\r\nНагревательный элемент Hi-Tech с никелированным покрытием защитит стиральную машину от образования накипи и ржавчины. Это увеличит срок её службы в несколько раз и избавит вас от расходов на средства для смягчения воды и удаления накипи.\r\n\r\nТехнология обработки паром SteamCure\r\nТехнология SteamCure отстирает даже пятна от травы, красок и сладостей на детской одежде. Использование пара перед началом стирки размягчает въевшиеся загрязнения, а подача пара в конце цикла уменьшает количество складок на вещах и экономит время на глажку утюгом.\r\n\r\nСтильный дизайн\r\nНаши дизайнеры сделали все, чтобы вы не прятали эту стиральную машинку за дверцами шкафа в ванной, на кухне или в гардеробной. Машинка с металлическим переключателем станет стильным акцентом в интерьере вашего дома.\r\n\r\nТехнология ProSmart\r\nВы можете включать стиральную машину на ночь и не беспокоиться, что ее будет слышно. Для снижения уровня шума, а также экономного энергопотребления в машинке установлен инверторный мотор ProSmart. При регистрации покупки на официальном сайте Beko на мотор будет действовать гарантия 10 лет.\r\n\r\nУмное управление с технологией HomeWhiz\r\nСледить за временем окончания стирки, приостановить цикл, включить или выключить машинку теперь можно дистанционно. Для этого вам понадобится телефон и мобильное приложение HomeWhiz.\r\n\r\nОсновные сведения:\r\nГабариты: 84х59,6х45 см\r\nМаксимальная загрузка: 7,5 кг\r\nСкорость отжима: 1200 об/мин\r\nКласс стирки: A\r\nКласс отжима: B\r\nКласс энергопотребления: A+++\r\n\r\nПрограммы:\r\nХлопок\r\nХлопок Эко\r\nСинтетика\r\nЭкспресс 14'\r\nУдаление пятен\r\nСтирка шерсти\r\nАнти-аллергия\r\nРубашки\r\nСтирка спортивной одежды\r\nСтирка джинсов\r\nСтирка пуховых вещей\r\n\r\nДополнительные функции:\r\nОтложенный старт: 0-24 ч\r\nРегулируемая скорость отжима: 1200/1000/800/600\r\nЗамачивание\r\nБыстрая стирка\r\nДополнительное полоскание\r\nУдаление шерсти животных\r\n\r\nУправление и индикация:\r\nСенсорный дисплей\r\nОбратный отсчет/Индикация времени до конца цикла\r\nСигнал окончания стирки\r\nHomeWhiz, беспроводное управление\r\n\r\nСистемы безопасности:\r\nБлокировка от случайного нажатия/Защита от детей\r\nЭлектронный контроль дисбаланса\r\nКонтроль пенообразования\r\n\r\nДополнительная информация:\r\nИнверторный мотор ProSmart\r\nТехнология обработки паром SteamCure\r\nНагревательный элемент Hi-Tech с защитой от накипи\r\nЛюк: Премиальный люк (темное стекло)\r\n\r\nПотребление электроэнергии: 1.125 кВт\r\nРасход воды: 55 л\r\nУровень шума при стирке: 63 дБ(А)",
    "freeDelivery": true,
    "category": 23,
    "sort_index": 5,
    "limited_edition": false,
    "banner": false
  }
},
{
  "model": "shopapp.product",
  "pk": 5,
  "fields": {
    "title": "Двухкамерный холодильник Indesit ITS 5200 XB",
    "count": 14,
    "price": "450.00",
    "date": "2024-06-19T12:40:50.938Z",
    "description": "Двухкамерный холодильник Indesit ITS 5200 XB Нержавеющая сталь",
    "fullDescription": "Холодильник Indesit ITS 5200 – практичное решение для большой семьи. Бытовая техника с общим полезным объемом в 325 литров оснащена четырьмя дверными и таким же количеством стандартных полок. В морозильной камере – три вместительных ящика. Холодильник Indesit ITS 5200 с внешним электронным дисплеем оснащен технологиями Total No Frost и технологией Push&Go, которые сделают ежедневную практику использования техники удобной и приятной.\r\n\r\nОсобенности:\r\nPush&Go\r\nФункция, позволяющая легко и быстро восстанавливать оптимальную температуру на каждой полке холодильного отделения. Для активации достаточно всего одного нажатия перед тем, как разложить продукты.\r\n\r\nTotal No Frost\r\nTotal No Frost за счёт распределения потоков охлаждённого воздуха в камерах позволяет достичь оптимальных условий для хранения продуктов. Камеры не требуют регулярного размораживания.\r\n\r\nLED-освещение\r\nLED-освещение встроено в потолочную часть холодильной камеры. LED имеет яркий свет и больший срок службы по сравнению с обычными лампами накаливания.\r\n\r\nПолки из сверхпрочного стекла\r\nПолки изготовлены из высококачественного закаленного стекла. Благодаря толщине и улучшенным свойствам стекла – выдерживают нагрузку до 100 кг, что позволяет хранить на одной полке, например, тяжелую кастрюлю и большой арбуз\r\n\r\nПеренавешиваемые двери\r\nДанная возможность позволяет выбрать наиболее удобное положение дверей для обеспечения максимального удобства и эффективности использования холодильника независимо от планировки помещения.\r\n\r\nРегулируемые дверные полки\r\nЗа счет возможности регулирования высоты полок достигается наиболее эффективное использование пространства холодильника.\r\n\r\nFreshSpace\r\nОрганизация пространства для удобного хранения ваших овощей и фруктов в ящике",
    "freeDelivery": false,
    "category": 27,
    "sort_index": 2,
    "limited_edition": false,
    "banner": false
  }
},
{
  "model": "shopapp.product",
  "pk": 6,
  "fields": {
    "title": "Двухкамерный холодильник Haier C2F 636 CFRG",
    "count": 40,
    "price": "700.00",
    "date": "2024-06-19T12:43:10.141Z",
    "description": "Двухкамерный холодильник Haier C2F 636 CFRG",
    "fullDescription": "Двухкамерный холодильник с нижним расположением морозильной камеры\r\n\r\nОбщие данные:\r\nРазмеры:\r\nвысота (см): 190,5\r\nширина (см): 59,5\r\nглубина (см): 67,2\r\n\r\nОбщий объем/ Полезный объем:\r\nХолодильника (л): 364/-\r\nХолодильной камеры (вкл. зону свежести) (л): 256/-\r\nМорозильной камеры (л): 108/-\r\nЗона свежести: 21 л\r\n\r\nТип управления: электронный\r\nКласс энергопотребления: A+\r\nКлиматический класс: SN-ST (от +10°С до +38°С)\r\nКоличество компрессоров: 1\r\nГодовое потребление энергии: 342 кВтч\r\nЦвет: нержавеющая сталь\r\n\r\nХолодильное отделение:\r\n5 полок из закаленного стекла\r\nКоличество полок на двери: 4\r\nСкладная полка\r\nЗона сохранения свежести\r\nСистема No Frost (Frost Free, Ноу Фрост)\r\nСветодиодное освещение\r\nФункция суперохлаждения\r\nАнтибактериальная защита\r\nЯщик для овощей\r\nСкладная полка для бутылок",
    "freeDelivery": false,
    "category": 27,
    "sort_index": 10,
    "limited_edition": false,
    "banner": false
  }
},
{
  "model": "shopapp.product",
  "pk": 7,
  "fields": {
    "title": "Двухкамерный холодильник Gorenje NRK 6202 CLI",
    "count": 3,
    "price": "890.00",
    "date": "2024-06-19T12:45:53.652Z",
    "description": "Двухкамерный холодильник Gorenje NRK 6202 CLI",
    "fullDescription": "Особенности:\r\nКонвертируемый контейнер FreshZone\r\nГотов к любому событию\r\nУдобный контейнер просто меняет предназначение с хранения рыбы и мяса на хранение фруктов и овощей, чтобы можно было без проблем разместить все свежие продукты.\r\n\r\nТехнология AdaptTech\r\nУмная система поддерживает постоянную температуру в холодильнике независимо от того, как часто вы открываете дверцу. Она непрерывно следит и анализирует, как и когда вы пользуетесь холодильником, а также управляет температурой, чтобы сохранить свежесть продуктов и снизить потребление электроэнергии.\r\n\r\nКонтейнер CrispZone\r\nБольшой ящик для овощей и фруктов\r\nОбъемный контейнер помогает сохранить питательные вещества и свежесть овощей и фруктов, а пониженная температура увеличивает срок их хранения.\r\n\r\nЛегкая очистка\r\nЧистота без усилий\r\nБлагодаря инновационной конструкции и гладкому внутреннему покрытию холодильники Gorenje GardenFresh чрезвычайно легко чистить, чтобы гарантировать полезность и безопасность продуктов.",
    "freeDelivery": true,
    "category": 27,
    "sort_index": 1,
    "limited_edition": false,
    "banner": false
  }
},
{
  "model": "shopapp.product",
  "pk": 8,
  "fields": {
    "title": "Стиральная машина Indesit BWSA 61051 WWV RU",
    "count": 5,
    "price": "240.00",
    "date": "2024-06-19T13:35:23.140Z",
    "description": "Стиральная машина Indesit BWSA 61051 WWV RU",
    "fullDescription": "Общие данные:\r\nГабариты: 85x59.5x42.5 см\r\nМаксимальная загрузка: 6 кг\r\nСкорость отжима: 1000 об/мин\r\nКласс стирки: A\r\nКласс отжима: C\r\nКласс энергоэффективности: A\r\n\r\nПрограммы стирки:\r\nХлопок ежедневная\r\nСинтетика ежедневная\r\nЦветные ткани\r\nДеликатные ткани\r\nБыстрая 30 мин\r\nХлопок\r\nСинтетика\r\nСмешанное\r\nХлопок 60°\r\nБелый хлопок\r\nСпорт\r\nПух/перо\r\nШерсть\r\nУдаление запахов\r\nПолоскание+отжим\r\nОтжим+слив",
    "freeDelivery": false,
    "category": 23,
    "sort_index": 2,
    "limited_edition": false,
    "banner": true
  }
},
{
  "model": "shopapp.product",
  "pk": 9,
  "fields": {
    "title": "Стиральная машина Haier HW80-B14979S",
    "count": 68,
    "price": "800.00",
    "date": "2024-06-19T13:37:23.298Z",
    "description": "Стиральная машина Haier HW80-B14979S",
    "fullDescription": "Основные сведения:\r\nГабариты: 85х59,5х42,5 см\r\nМаксимальная загрузка: 8 кг\r\nСкорость отжима: 1400 об/мин\r\nКласс стирки: A\r\nКласс отжима: B\r\nКласс энергопотребления: A+++ -40%\r\n\r\nПрограммы:\r\nОсвежить\r\nСинтетика\r\nСмешанные ткани\r\nДеликатная стирка\r\nШерсть\r\nЕжедневная стирка\r\nЭкспресс-стирка 15 мин\r\nОтжим\r\nХлопок\r\nГигиена\r\nДетская одежда\r\nОчистка барабана\r\nОдеяла\r\nУникальная программа обработки белья ультрафиолетом для удаления аллергенов и вирусов.",
    "freeDelivery": true,
    "category": 23,
    "sort_index": 4,
    "limited_edition": false,
    "banner": true
  }
},
{
  "model": "shopapp.product",
  "pk": 10,
  "fields": {
    "title": "Стиральная машина Candy Smart Pro CSO34106TB1/2-07",
    "count": 3,
    "price": "275.00",
    "date": "2024-06-19T13:38:56.372Z",
    "description": "Стиральная машина Candy Smart Pro CSO34106TB1/2-07",
    "fullDescription": "Общие данные:\r\nГабариты: 85x60x34 см\r\nМаксимальная загрузка: 6 кг\r\nСкорость отжима: 1000 об/мин\r\nКласс стирки: A\r\nКласс отжима: C\r\nКласс энергопотребления: А\r\n\r\nПрограммы стирки: 16\r\nДеликатная 59', Спорт+ 39', Гигиена+ 59', Смешанные и цветные 59', Идеальная 59', Ежедневная 49', Белый хлопок, Хлопок, Есо Mix 20, Быстрая 44 мин, Быстрая 30 мин, Быстрая 14 мин, Шерсть, Синтетика, Ручная(шерсть),",
    "freeDelivery": false,
    "category": 23,
    "sort_index": 10,
    "limited_edition": true,
    "banner": false
  }
},
{
  "model": "shopapp.product",
  "pk": 11,
  "fields": {
    "title": "Пылесос напольный Tefal Compact Power XXL TW4825EA",
    "count": 32,
    "price": "175.00",
    "date": "2024-06-19T13:52:31.561Z",
    "description": "Пылесос напольный Tefal Compact Power XXL TW4825EA",
    "fullDescription": "Мощность:\r\nМощность всасывания: 550 Вт\r\n\r\nСистема фильтрации:\r\nПылесборник: контейнер\r\nОбъем пылесборника: 1.5 л\r\nФильтр тонкой очистки\r\nМодель фильтра тонкой очистки: HEPA\r\nСистема очистки фильтра: ручная\r\n\r\nНасадки:\r\nЩелевая насадка\r\nПаркетная насадка\r\n\r\nДополнительные данные:\r\nТип управления: механический\r\nРегулятор мощности: на корпусе\r\nПарковка: горизонтальная\r\nТруба всасывания: телескопическая\r\nМатериал трубы: металл\r\nАвтоматическое сматывание шнура\r\nГабариты: 33.5x49x29 см\r\nВес: 5.56 кг",
    "freeDelivery": false,
    "category": 24,
    "sort_index": 2,
    "limited_edition": true,
    "banner": false
  }
},
{
  "model": "shopapp.product",
  "pk": 12,
  "fields": {
    "title": "Пылесос напольный Miele Blizzard CX1 Comfort PowerLine Obsidian Black",
    "count": 1,
    "price": "980.00",
    "date": "2024-06-19T13:54:22.757Z",
    "description": "Пылесос напольный Miele Blizzard CX1 Comfort PowerLine Obsidian Black",
    "fullDescription": "Мощность:\r\nМаксимальная мощность: 890 Вт\r\n\r\nСистема фильтрации:\r\nЁмкость контейнера-пылесборника в л: 2\r\nПокрытие ComfortClean\r\nФильтр выходящего воздуха: HEPA Lifetime\r\n\r\nНасадки:\r\nНасадка для обивки мягкой мебели\r\nЩелевая насадка\r\nУниверсальная насадка пол/ковер SBD 660-3\r\nЩетка для паркета Twister SBB 300-3",
    "freeDelivery": false,
    "category": 24,
    "sort_index": 15,
    "limited_edition": false,
    "banner": true
  }
},
{
  "model": "shopapp.product",
  "pk": 13,
  "fields": {
    "title": "Пылесос напольный Karcher SE 4001",
    "count": 100,
    "price": "350.00",
    "date": "2024-06-19T13:55:56.798Z",
    "description": "Пылесос напольный Karcher SE 4001 (1.081-130)",
    "fullDescription": "Моющий пылесос SE 4001 предназначен для тщательной глубокой чистки различных текстильных поверхностей, таких как ковровые покрытия, мягкая мебель и обивка, текстильные покрытия лестниц, матрасы, гобелены и автомобильные сиденья. Чистая водопроводная вода и средство для чистки ковров Kärcher RM 519 подаются под давлением, проникают глубоко в текстильную поверхность, растворяют грязь и тщательно отсасываются. Именно поэтому аппарат идеально подходит для аллергиков и семей с домашними животными.\r\nБлагодаря инновационной конструкции насадок, обработанные поверхности высыхают на 50 % быстрее.\r\nБольшой съемный бачок для чистой воды на 4 л отличается ударопрочностью и светопроницаемостью, что облегчает процесс наполнения и опорожнения. Отсасываемая грязная вода собирается в отдельном встроенном сборнике. Ручка «3 в 1» обеспечивает комфортную транспортировку, открывание, закрывание и опорожнение сборника. Прочный пластиковый мусоросборник позволяет хранить кабель и принадлежности без контакта с грязью.\r\nБлагодаря широкому набору принадлежностей аппарат может использоваться также как полноценный хозяйственный пылесос.",
    "freeDelivery": true,
    "category": 24,
    "sort_index": 4,
    "limited_edition": false,
    "banner": false
  }
},
{
  "model": "shopapp.product",
  "pk": 14,
  "fields": {
    "title": "Пылесос напольный Panasonic MC-CG717R149 красный",
    "count": 7,
    "price": "320.00",
    "date": "2024-06-19T13:57:23.529Z",
    "description": "Пылесос напольный Panasonic MC-CG717R149 красный",
    "fullDescription": "",
    "freeDelivery": false,
    "category": 24,
    "sort_index": 3,
    "limited_edition": false,
    "banner": true
  }
},
{
  "model": "shopapp.product",
  "pk": 15,
  "fields": {
    "title": "Кондиционер сплит-система Haier AS25S2SF2FA-B",
    "count": 20,
    "price": "900.00",
    "date": "2024-06-19T14:11:21.938Z",
    "description": "Кондиционер сплит-система Haier AS25S2SF2FA-B:\r\nКондиционеры серии Flexis сочетают в себе широкую функциональность и премиальный дизайн. Сплит-системы серии Flexis отлично подойдут для создания комфортного климата в квартире, частном доме или офисе летом, в межсезонье и даже зимой.",
    "fullDescription": "Кондиционеры этой серии работают в режиме обогрева до −20С.\r\nВнутренние блоки представлены в белом, матовом черном и золотом (шампань) цветах. Отличительными особенностями этой серии являются функция стерилизации теплообменника Steri Clean 56C, убивающая до 99% бактерий и микробов, и новая LED УФ-лампа.\r\nFlexis совместим с новой IoT экосистемой Haier и может удаленно управляться по Wi-Fi через мобильное приложение.\r\n\r\nWi-Fi управление (evo):\r\nНовая IoT экосистема evo от Haier позволяет удаленно управлять по Wi-Fi кондиционерами и другой совместимой бытовой техникой Haier. Управление осуществляется через мобильное приложение evo.",
    "freeDelivery": false,
    "category": 25,
    "sort_index": 3,
    "limited_edition": true,
    "banner": false
  }
},
{
  "model": "shopapp.product",
  "pk": 16,
  "fields": {
    "title": "Кондиционер сплит-система Dantex RK-07SAG",
    "count": 1,
    "price": "390.00",
    "date": "2024-06-19T14:13:00.167Z",
    "description": "Общие данные:\r\nСерия: AURA\r\nУстановка: настенная\r\nУровень шума (выс./сред./низк.): 38/35/27 дБ\r\nТип хладогента: R410a\r\nРасход воздуха (выс./сред./низк.): 420/370/250 куб. м/ч\r\nМощность в режиме охлаждения: 2.25 кВт/0.7 кВт\r\nМощность в режиме обогрева: 2.35 кВт/0.651 кВт",
    "fullDescription": "Полезные функции:\r\nПульт Режим независимого осушения позволяет понижать влажность воздуха в помещении без понижения температуры воздуха.\r\nИмеется возможность установить таймер для включения и выключения.\r\nЖидкокристаллический дисплей на котором высвечиваются режимные параметры работы кондиционера, а также в случае нарушения его работы появляется код ошибки, который соответствует неисправности кондиционера.\r\nВ случае перебоя подачи электроэнергии автоматически восстанавливает ранее заданные настройки\r\nАвтоматическое отключение кондиционера после 10 часов работы.\r\nБлагодаря встроенной функции управляемой оттайки, с учетом температуры трубопровода, и температуры окружающей среды, микропроцессор кондиционера обеспечивает полную очистку теплообменника внешнего блока. Эта функция направлена на улучшение эффективности обогрева в зимнее время года и экономию электроэнергии.\r\nОбнаружение утечки хладагента\r\n\r\nГабариты:\r\nГабариты внешнего блока сплит-системы (ВхШхГ): 42.8x72x31 см\r\nГабариты внутреннего блока сплит-системы (ВхШхГ): 25.4x74.4x18.5 см\r\nЦвет: белый",
    "freeDelivery": false,
    "category": 25,
    "sort_index": 1,
    "limited_edition": false,
    "banner": false
  }
},
{
  "model": "shopapp.product",
  "pk": 17,
  "fields": {
    "title": "Кондиционер сплит-система LG DC07RH",
    "count": 80,
    "price": "750.00",
    "date": "2024-06-19T14:14:36.087Z",
    "description": "Кондиционер сплит-система LG DC07RH",
    "fullDescription": "Общие данные:\r\nУстановка внутреннего блока: настенная\r\nМощность охлаждения (Мин/Ном/Макс): 0.89 / 2.14 / 3.2 кВт\r\nМощность нагрева (Мин/Ном/Макс): 0.89 / 2.6 / 3.5 кВт\r\nКласс энергоэффективности (Холод / Тепло): A++ / A\r\nУровень шума в режиме ОХЛАЖДЕНИЯ (Тих / Низ / Ср /Макс): 22/28/36/42 дБ\r\nУровень шума в режиме НАГРЕВА (Низ / Ср / Макс): 28/36/42 дБ\r\nДегидратация: 0.9 л/ч\r\nРасход воздуха (Низ / Ср / Макс): 360 / 480 / 720 м³/ч\r\nЗаправка фреоном: 670 г\r\nДополнительная заправка фреона: 20 г/м\r\nУровень шума наружного блока в режиме ОХЛАЖДЕНИЯ (Ном): 48 дБ\r\nУровень шума наружного блока в режиме НАГРЕВ (Ном): 50 дБ\r\nТип хладагента: R32",
    "freeDelivery": false,
    "category": 25,
    "sort_index": 4,
    "limited_edition": true,
    "banner": false
  }
},
{
  "model": "shopapp.product",
  "pk": 18,
  "fields": {
    "title": "Кондиционер cплит-система Centek CT-65Z10",
    "count": 54,
    "price": "500.00",
    "date": "2024-06-19T14:16:16.171Z",
    "description": "Кондиционер cплит-система Centek CT-65Z10",
    "fullDescription": "Охлаждение:\r\nПроизводительность БТЕ/Вт: 10000/2950\r\nНом. мощность ВТ:919\r\nНом. ток А: 4.1\r\nEER: 6.16\r\n\r\nОбогрев:\r\nПроизводительность БТЕ/Вт: 10000/3100\r\nНом. мощность ВТ: 810\r\nНом. ток А: 5.5\r\nCOP: 4.17\r\n\r\nОбщее:\r\nИсточник питания В/Гц: 220 - 240/ ~ 50\r\nМакс. вход. мощность Вт: 1500\r\nЦиркуляция воздуха (м3/ч): 600\r\nКомпрессор: Инвертор GMCC\r\nХладагент: R410A\r\nКласс энергоэффективности: A++",
    "freeDelivery": false,
    "category": 25,
    "sort_index": 5,
    "limited_edition": false,
    "banner": false
  }
},
{
  "model": "shopapp.product",
  "pk": 19,
  "fields": {
    "title": "Фен Dyson Supersonic HD07 (390246-01) фуксия",
    "count": 11,
    "price": "620.00",
    "date": "2024-06-19T14:17:58.169Z",
    "description": "Фен Dyson Supersonic HD07 (390246-01) фуксия",
    "fullDescription": "Характеристики:\r\nМощность: 1600 Вт\r\nТип мотора: цифровой\r\nУровень шума: 77 дБ\r\nУправление: кнопочное\r\nКоличество скоростей: 3\r\nКоличество режимов нагрева: 4\r\nНезависимая регулировка нагрева и воздушного потока\r\nРасположение кнопок управления: спереди\r\nОбдув холодным воздухом\r\nИонизация\r\nИндикатор включения\r\nСенсорная система автоматического отключения\r\nЗащита от перегрева\r\nСъемная защитная решетка\r\nДлина сетевого шнура: 2.8 м\r\nГабариты: 24.5 см*8 см* 9.7 см\r\nВес: 0.66 кг",
    "freeDelivery": true,
    "category": 26,
    "sort_index": 8,
    "limited_edition": false,
    "banner": false
  }
},
{
  "model": "shopapp.product",
  "pk": 20,
  "fields": {
    "title": "Фен Rowenta Power Pro Ionic CV5623F0, черный/розовый",
    "count": 100,
    "price": "37.00",
    "date": "2024-06-19T14:19:28.009Z",
    "description": "Фен Power Pro Ionic сочетает максимальную производительность и качество сушки в легком эргономичном дизайне. Мощность 2200 Вт обеспечивает сверхбыструю сушку, встроенная ионизация снимает статическое электричество, делая волосы гладкими и послушными. Благодаря регулировке температуры и скорости вы можете управлять потоком воздуха так, как это надо вашим волосам, придавая каждому локону блеск и шелковистость. С насадкой-концентратором для финального штриха и диффузором для создания естественного объема фен Power Pro Ionic станет вашим надежным и удобным помощником для поддержания красоты ваших волос.",
    "fullDescription": "Преимущества:\r\n-Отрицательно заряженные ионы увеличивают концентрацию молекул воды на поверхности волоса во время сушки, что позволяет снизить статическое электричество и сделать волосы гладкими и послушными.\r\n-Мощность 2200 Вт для быстрой и эффективной сушки.\r\n-6 настроек: 3 температуры / 2 скорости для управления потоком воздуха во время сушки.\r\n-Концентратор для высокой точности сушки и идеального финального штриха.\r\n-Диффузор для создания естественного объема и четких кудряшек.\r\n-Поток холодного воздуха закрепит полученную укладку надолго.\r\n-Облегченный сбалансированный дизайн для максимального комфорта и удобства при длительном использовании.\r\n-Петля для подвешивания для удобного хранения.\r\n-Длинный шнур электропитания для комфортного использования.\r\n\r\nХарактеристики:\r\nСерия: Power Pro\r\nМощность: 2200 Вт\r\nТип мотора: DC мотор\r\nИонный генератор: Да\r\nТемпературные режимы: 3\r\nНастройки скорости: 2\r\nУльтра-холодный воздух: Да\r\nНасадки: Диффузор, Концентратор 11 мм\r\nНезависимая регулировка температуры и скорости потока: Есть\r\nПетля для подвешивания: Есть\r\nДлина шнура: 1.8 м\r\nЦвет: черный/розовый\r\nГабариты: 260x88x260 мм\r\nВес: 727 г",
    "freeDelivery": false,
    "category": 26,
    "sort_index": 0,
    "limited_edition": false,
    "banner": true
  }
},
{
  "model": "shopapp.product",
  "pk": 21,
  "fields": {
    "title": "Фен Valera SXJ 7500 D RC Swiss Silent Jet 7500 Light Ionic",
    "count": 11,
    "price": "110.00",
    "date": "2024-06-19T14:20:44.555Z",
    "description": "Фен Valera SXJ 7500 D RC Swiss Silent Jet 7500 Light Ionic",
    "fullDescription": "Мощный и компактный профессиональный фен со шнуром Rotocord и пониженным уровнем шума\r\n\r\nМощность 2000 Вт\r\nДолговечный мотор постоянного тока DC-Pro , ресурс: более 1200 ч\r\nНасадка Touch Me\r\nМощность воздушного потока 66 м3/ч\r\nТехнология Smart Airflow\r\nНагревательный элемент с волнообразной обмоткой для повышения безопасности и более постоянного распределения воздушного потока\r\nИонизатор\r\nШесть комбинаций температуры / скорости воздушного потока\r\nКнопка подачи холодного воздуха\r\n2 ультратонкие насадки для концентрации воздушного потока (6 и 7,5 см)\r\nСъемный металлический воздушный фильтр\r\nСверхгибкий кабель питания, с креплением Rotocord, длина: 3 м\r\nДиффузор в комплекте\r\nОчень легкий: 425 г",
    "freeDelivery": false,
    "category": 26,
    "sort_index": 6,
    "limited_edition": false,
    "banner": false
  }
},
{
  "model": "shopapp.product",
  "pk": 22,
  "fields": {
    "title": "Фен Xiaomi Compact Hair Dryer H101 (White) EU CMJ04LXEU (BHR7475EU)",
    "count": 1,
    "price": "20.00",
    "date": "2024-06-19T14:23:14.693Z",
    "description": "Фен Xiaomi Compact Hair Dryer H101 (White) EU CMJ04LXEU (BHR7475EU)",
    "fullDescription": "Складная ручка\r\nЛегко переносится в дорожной сумке\r\nРучка складная для уменьшения объема и имеет встроенный высокопрочный, износостойкий стержень\r\n\r\nКомпактный фен\r\nДелает сушку феном легкой.\r\nЭргономичный дизайн для более удобного захвата. Попрощайтесь с неуклюжестью и неудобными ручками.\r\n\r\nВысокий поток воздуха\r\nСнова увеличьте скорость сушки волос.\r\nВысокопроизводительный высокоскоростной двигатель со скоростью 20 000 об/мин обеспечивает высокую мощность и поток воздуха со скоростью 15 м/с. Благодаря уникальной конструкции обхода воздушного винта с шестью крыльями достигается сильный и надежный поток.",
    "freeDelivery": false,
    "category": 26,
    "sort_index": 1,
    "limited_edition": false,
    "banner": false
  }
},
{
  "model": "shopapp.product",
  "pk": 23,
  "fields": {
    "title": "Телевизор Xiaomi Mi TV A2 43 (L43M7-EARU)",
    "count": 19,
    "price": "345.00",
    "date": "2024-06-19T14:25:14.268Z",
    "description": "Телевизор Xiaomi Mi TV A2 43 (L43M7-EARU)",
    "fullDescription": "Общие данные:\r\nГабариты (без подставки): 55.88х95.72х7.97 см\r\nГабариты (с подставкой): 60.98х95.72х24.44 см\r\nДиагональ: 43\"\r\nРазрешение: 3840 x 2160 (4K UHD)\r\nУгол обзора: 178°\r\nРазъемы (вход): композитный, HDMI x 3, USB 2.0 х 2, антенный, LAN/Ethernet, CI\r\nРазъемы (выход): выход для наушников\r\n\r\nИзображение:\r\nЧастота обновления экрана: 60 Гц\r\nФормат экрана: 16:9\r\nЦветовая гамма: DCI-P3 90% (тип.)\r\nГлубина цвета: 1,07 миллиарда (8 бит + FRC)\r\nDolby Vision and HDR10",
    "freeDelivery": true,
    "category": 22,
    "sort_index": 0,
    "limited_edition": false,
    "banner": false
  }
},
{
  "model": "shopapp.product",
  "pk": 24,
  "fields": {
    "title": "Телевизор Haier 32 Smart TV S1",
    "count": 47,
    "price": "235.00",
    "date": "2024-06-19T14:26:10.235Z",
    "description": "Телевизор Haier 32 Smart TV S1",
    "fullDescription": "Общие данные:\r\nГабариты (без подставки): 43.4х72.3х8.9 см\r\nГабариты (с подставкой): 47.2х72.3х20.5 см\r\nШирина подставки: 80 см\r\nДиагональ: 32\"(81.28 см)\r\nРазрешение: 1920x1080\r\n\r\nИзображение:\r\nФормат экрана: 16:9\r\nЧастота обновления: 60 Гц\r\nТип технологии HDR: HDR10\r\nЦифровое шумоподавление",
    "freeDelivery": false,
    "category": 22,
    "sort_index": 10,
    "limited_edition": false,
    "banner": false
  }
},
{
  "model": "shopapp.product",
  "pk": 25,
  "fields": {
    "title": "Телевизор Supra STV-LC24ST0045W",
    "count": 3,
    "price": "146.00",
    "date": "2024-06-19T14:29:25.001Z",
    "description": "Телевизор Supra STV-LC24ST0045W",
    "fullDescription": "Общие данные:\r\nГабариты (без подставки): 33x55.2x8.2 см\r\nГабариты (с подставкой): 37.2x55.2x15.4 см\r\nДиагональ: 24\"\r\nРазрешение: 1366x768 (HD Ready)\r\nЯркость: 200 кд/м2\r\nДинамическая контрастность: 80000:1\r\nВремя отклика пикселя: 8 мс\r\nУглы обзора (верт./гориз.): 178°/178°\r\nРазъемы (вход): Mini YPBPR, антенный, 2xHDMI, 2xUSB, RJ45\r\nРазъемы (выход): для наушников\r\n\r\nИзображение:\r\nФормат экрана: 16:9, 4:3, Авто\r\nЧастота обновления: 60 Гц\r\nЦифровое шумоподавление",
    "freeDelivery": true,
    "category": 22,
    "sort_index": 7,
    "limited_edition": false,
    "banner": true
  }
},
{
  "model": "shopapp.product",
  "pk": 26,
  "fields": {
    "title": "Телевизор TCL 32S5400AF",
    "count": 100,
    "price": "215.00",
    "date": "2024-06-19T14:31:38.868Z",
    "description": "Телевизор TCL 32S5400AF",
    "fullDescription": "Общие данные:\r\nГабариты (без подставки): 44x73x7.5 см\r\nГабариты (с подставкой): 48.2x73x18.2 см\r\nДиагональ: 32\" (81 см)\r\nРазрешение: 1920x1080\r\nЯркость: 220\r\nКонтрастность: 4000:1\r\nОбзор (по вертикали/горизонтали): 178 град.\r\nРазъемы (вход): антенный, HDMIx2, USB, RJ45, CI слот\r\nРазъемы (выход): оптический, для наушников\r\n\r\nИзображение:\r\nТип панели: LED\r\nТип подсветки: Direct LED\r\nСоотношение сторон экрана: 16:9\r\nЧастота обновления: 60 Гц\r\nПроцессор изображения: CA55*4\r\nСтандарт разрешения экрана: FULL HD\r\nПоддержка HDR\r\nТехнология HDR: Active HDR",
    "freeDelivery": false,
    "category": 22,
    "sort_index": 6,
    "limited_edition": false,
    "banner": false
  }
},
{
  "model": "shopapp.productimage",
  "pk": 10,
  "fields": {
    "product": 3,
    "src": "products/product_3/images/745407.jpg",
    "alt": "745407"
  }
},
{
  "model": "shopapp.productimage",
  "pk": 11,
  "fields": {
    "product": 3,
    "src": "products/product_3/images/745407_0.jpg",
    "alt": "745407_0"
  }
},
{
  "model": "shopapp.productimage",
  "pk": 12,
  "fields": {
    "product": 3,
    "src": "products/product_3/images/745407_1.jpg",
    "alt": "745407_1"
  }
},
{
  "model": "shopapp.productimage",
  "pk": 13,
  "fields": {
    "product": 3,
    "src": "products/product_3/images/745407_2.jpg",
    "alt": "745407_2"
  }
},
{
  "model": "shopapp.productimage",
  "pk": 14,
  "fields": {
    "product": 4,
    "src": "products/product_4/images/722604.jpg",
    "alt": "722604"
  }
},
{
  "model": "shopapp.productimage",
  "pk": 15,
  "fields": {
    "product": 4,
    "src": "products/product_4/images/722604_0.jpg",
    "alt": "722604_0"
  }
},
{
  "model": "shopapp.productimage",
  "pk": 16,
  "fields": {
    "product": 4,
    "src": "products/product_4/images/722604_1.jpg",
    "alt": "722604_1"
  }
},
{
  "model": "shopapp.productimage",
  "pk": 17,
  "fields": {
    "product": 4,
    "src": "products/product_4/images/722604_2.jpg",
    "alt": "722604_2"
  }
},
{
  "model": "shopapp.productimage",
  "pk": 18,
  "fields": {
    "product": 5,
    "src": "products/product_5/images/1109853.jpg",
    "alt": "1109853"
  }
},
{
  "model": "shopapp.productimage",
  "pk": 19,
  "fields": {
    "product": 5,
    "src": "products/product_5/images/1109853_1.jpg",
    "alt": "1109853_1"
  }
},
{
  "model": "shopapp.productimage",
  "pk": 20,
  "fields": {
    "product": 5,
    "src": "products/product_5/images/1109853_2.jpg",
    "alt": "1109853_2"
  }
},
{
  "model": "shopapp.productimage",
  "pk": 21,
  "fields": {
    "product": 6,
    "src": "products/product_6/images/539318.jpg",
    "alt": "539318"
  }
},
{
  "model": "shopapp.productimage",
  "pk": 22,
  "fields": {
    "product": 6,
    "src": "products/product_6/images/539318_0.jpg",
    "alt": "539318_0"
  }
},
{
  "model": "shopapp.productimage",
  "pk": 23,
  "fields": {
    "product": 6,
    "src": "products/product_6/images/539318_1.jpg",
    "alt": "539318_1"
  }
},
{
  "model": "shopapp.productimage",
  "pk": 24,
  "fields": {
    "product": 6,
    "src": "products/product_6/images/539318_2.jpg",
    "alt": "539318_2"
  }
},
{
  "model": "shopapp.productimage",
  "pk": 25,
  "fields": {
    "product": 7,
    "src": "products/product_7/images/704972.jpg",
    "alt": "704972"
  }
},
{
  "model": "shopapp.productimage",
  "pk": 26,
  "fields": {
    "product": 7,
    "src": "products/product_7/images/704972_0.jpg",
    "alt": "704972_0"
  }
},
{
  "model": "shopapp.productimage",
  "pk": 27,
  "fields": {
    "product": 7,
    "src": "products/product_7/images/704972_1.jpg",
    "alt": "704972_1"
  }
},
{
  "model": "shopapp.productimage",
  "pk": 28,
  "fields": {
    "product": 7,
    "src": "products/product_7/images/704972_2.jpg",
    "alt": "704972_2"
  }
},
{
  "model": "shopapp.productimage",
  "pk": 29,
  "fields": {
    "product": 8,
    "src": "products/product_8/images/883637.jpg",
    "alt": "883637"
  }
},
{
  "model": "shopapp.productimage",
  "pk": 30,
  "fields": {
    "product": 8,
    "src": "products/product_8/images/883637_0.jpg",
    "alt": "883637_0"
  }
},
{
  "model": "shopapp.productimage",
  "pk": 31,
  "fields": {
    "product": 8,
    "src": "products/product_8/images/883637_1.jpg",
    "alt": "883637_1"
  }
},
{
  "model": "shopapp.productimage",
  "pk": 32,
  "fields": {
    "product": 9,
    "src": "products/product_9/images/656698.jpg",
    "alt": "656698"
  }
},
{
  "model": "shopapp.productimage",
  "pk": 33,
  "fields": {
    "product": 9,
    "src": "products/product_9/images/656698_0.jpg",
    "alt": "656698_0"
  }
},
{
  "model": "shopapp.productimage",
  "pk": 34,
  "fields": {
    "product": 9,
    "src": "products/product_9/images/656698_1.jpg",
    "alt": "656698_1"
  }
},
{
  "model": "shopapp.productimage",
  "pk": 35,
  "fields": {
    "product": 10,
    "src": "products/product_10/images/748877.jpg",
    "alt": "748877"
  }
},
{
  "model": "shopapp.productimage",
  "pk": 36,
  "fields": {
    "product": 10,
    "src": "products/product_10/images/748877_0.jpg",
    "alt": "748877_0"
  }
},
{
  "model": "shopapp.productimage",
  "pk": 37,
  "fields": {
    "product": 10,
    "src": "products/product_10/images/748877_1.jpg",
    "alt": "748877_1"
  }
},
{
  "model": "shopapp.productimage",
  "pk": 38,
  "fields": {
    "product": 11,
    "src": "products/product_11/images/817759.jpg",
    "alt": "817759"
  }
},
{
  "model": "shopapp.productimage",
  "pk": 39,
  "fields": {
    "product": 11,
    "src": "products/product_11/images/817759_0.jpg",
    "alt": "817759_0"
  }
},
{
  "model": "shopapp.productimage",
  "pk": 40,
  "fields": {
    "product": 11,
    "src": "products/product_11/images/817759_1.jpg",
    "alt": "817759_1"
  }
},
{
  "model": "shopapp.productimage",
  "pk": 41,
  "fields": {
    "product": 12,
    "src": "products/product_12/images/1113709.jpg",
    "alt": "1113709"
  }
},
{
  "model": "shopapp.productimage",
  "pk": 42,
  "fields": {
    "product": 12,
    "src": "products/product_12/images/1113709_1.jpg",
    "alt": "1113709_1"
  }
},
{
  "model": "shopapp.productimage",
  "pk": 43,
  "fields": {
    "product": 12,
    "src": "products/product_12/images/1113709_2.jpg",
    "alt": "1113709_2"
  }
},
{
  "model": "shopapp.productimage",
  "pk": 44,
  "fields": {
    "product": 13,
    "src": "products/product_13/images/31253.jpg",
    "alt": "31253"
  }
},
{
  "model": "shopapp.productimage",
  "pk": 45,
  "fields": {
    "product": 13,
    "src": "products/product_13/images/31253_0.jpg",
    "alt": "31253_0"
  }
},
{
  "model": "shopapp.productimage",
  "pk": 46,
  "fields": {
    "product": 13,
    "src": "products/product_13/images/31253_2.jpg",
    "alt": "31253_2"
  }
},
{
  "model": "shopapp.productimage",
  "pk": 47,
  "fields": {
    "product": 14,
    "src": "products/product_14/images/735631.jpg",
    "alt": "735631"
  }
},
{
  "model": "shopapp.productimage",
  "pk": 48,
  "fields": {
    "product": 14,
    "src": "products/product_14/images/735631_1.jpg",
    "alt": "735631_1"
  }
},
{
  "model": "shopapp.productimage",
  "pk": 49,
  "fields": {
    "product": 14,
    "src": "products/product_14/images/735631_2.jpg",
    "alt": "735631_2"
  }
},
{
  "model": "shopapp.productimage",
  "pk": 50,
  "fields": {
    "product": 15,
    "src": "products/product_15/images/980953.jpg",
    "alt": "980953"
  }
},
{
  "model": "shopapp.productimage",
  "pk": 51,
  "fields": {
    "product": 15,
    "src": "products/product_15/images/980953_1.jpg",
    "alt": "980953_1"
  }
},
{
  "model": "shopapp.productimage",
  "pk": 52,
  "fields": {
    "product": 15,
    "src": "products/product_15/images/980953_2.jpg",
    "alt": "980953_2"
  }
},
{
  "model": "shopapp.productimage",
  "pk": 53,
  "fields": {
    "product": 16,
    "src": "products/product_16/images/734079_0.jpg",
    "alt": "734079_0"
  }
},
{
  "model": "shopapp.productimage",
  "pk": 54,
  "fields": {
    "product": 16,
    "src": "products/product_16/images/734079_1.jpg",
    "alt": "734079_1"
  }
},
{
  "model": "shopapp.productimage",
  "pk": 55,
  "fields": {
    "product": 17,
    "src": "products/product_17/images/754963.jpg",
    "alt": "754963"
  }
},
{
  "model": "shopapp.productimage",
  "pk": 56,
  "fields": {
    "product": 17,
    "src": "products/product_17/images/754963_1.jpg",
    "alt": "754963_1"
  }
},
{
  "model": "shopapp.productimage",
  "pk": 57,
  "fields": {
    "product": 17,
    "src": "products/product_17/images/754963_2.jpg",
    "alt": "754963_2"
  }
},
{
  "model": "shopapp.productimage",
  "pk": 58,
  "fields": {
    "product": 18,
    "src": "products/product_18/images/742741.jpg",
    "alt": "742741"
  }
},
{
  "model": "shopapp.productimage",
  "pk": 59,
  "fields": {
    "product": 18,
    "src": "products/product_18/images/742741_1.jpg",
    "alt": "742741_1"
  }
},
{
  "model": "shopapp.productimage",
  "pk": 60,
  "fields": {
    "product": 18,
    "src": "products/product_18/images/742741_2.jpg",
    "alt": "742741_2"
  }
},
{
  "model": "shopapp.productimage",
  "pk": 61,
  "fields": {
    "product": 19,
    "src": "products/product_19/images/1064347.jpg",
    "alt": "1064347"
  }
},
{
  "model": "shopapp.productimage",
  "pk": 62,
  "fields": {
    "product": 19,
    "src": "products/product_19/images/1064347_1.jpg",
    "alt": "1064347_1"
  }
},
{
  "model": "shopapp.productimage",
  "pk": 63,
  "fields": {
    "product": 19,
    "src": "products/product_19/images/1064347_2.jpg",
    "alt": "1064347_2"
  }
},
{
  "model": "shopapp.productimage",
  "pk": 64,
  "fields": {
    "product": 20,
    "src": "products/product_20/images/857661.jpg",
    "alt": "857661"
  }
},
{
  "model": "shopapp.productimage",
  "pk": 65,
  "fields": {
    "product": 20,
    "src": "products/product_20/images/857661_1.jpg",
    "alt": "857661_1"
  }
},
{
  "model": "shopapp.productimage",
  "pk": 66,
  "fields": {
    "product": 20,
    "src": "products/product_20/images/857661_2.jpg",
    "alt": "857661_2"
  }
},
{
  "model": "shopapp.productimage",
  "pk": 67,
  "fields": {
    "product": 21,
    "src": "products/product_21/images/450128.jpg",
    "alt": "450128"
  }
},
{
  "model": "shopapp.productimage",
  "pk": 68,
  "fields": {
    "product": 21,
    "src": "products/product_21/images/450128_1.jpg",
    "alt": "450128_1"
  }
},
{
  "model": "shopapp.productimage",
  "pk": 69,
  "fields": {
    "product": 21,
    "src": "products/product_21/images/450128_0.jpg",
    "alt": "450128_0"
  }
},
{
  "model": "shopapp.productimage",
  "pk": 70,
  "fields": {
    "product": 22,
    "src": "products/product_22/images/1079063.jpg",
    "alt": "1079063"
  }
},
{
  "model": "shopapp.productimage",
  "pk": 71,
  "fields": {
    "product": 22,
    "src": "products/product_22/images/1079063_1.jpg",
    "alt": "1079063_1"
  }
},
{
  "model": "shopapp.productimage",
  "pk": 72,
  "fields": {
    "product": 23,
    "src": "products/product_23/images/885999.jpg",
    "alt": "885999"
  }
},
{
  "model": "shopapp.productimage",
  "pk": 73,
  "fields": {
    "product": 23,
    "src": "products/product_23/images/885999_0.jpg",
    "alt": "885999_0"
  }
},
{
  "model": "shopapp.productimage",
  "pk": 74,
  "fields": {
    "product": 23,
    "src": "products/product_23/images/885999_1.jpg",
    "alt": "885999_1"
  }
},
{
  "model": "shopapp.productimage",
  "pk": 75,
  "fields": {
    "product": 24,
    "src": "products/product_24/images/884539.jpg",
    "alt": "884539"
  }
},
{
  "model": "shopapp.productimage",
  "pk": 76,
  "fields": {
    "product": 24,
    "src": "products/product_24/images/884539_1.jpg",
    "alt": "884539_1"
  }
},
{
  "model": "shopapp.productimage",
  "pk": 77,
  "fields": {
    "product": 24,
    "src": "products/product_24/images/884539_4.jpg",
    "alt": "884539_4"
  }
},
{
  "model": "shopapp.productimage",
  "pk": 78,
  "fields": {
    "product": 25,
    "src": "products/product_25/images/729061.jpg",
    "alt": "729061"
  }
},
{
  "model": "shopapp.productimage",
  "pk": 79,
  "fields": {
    "product": 25,
    "src": "products/product_25/images/729061_1.jpg",
    "alt": "729061_1"
  }
},
{
  "model": "shopapp.productimage",
  "pk": 80,
  "fields": {
    "product": 25,
    "src": "products/product_25/images/729061_0.jpg",
    "alt": "729061_0"
  }
},
{
  "model": "shopapp.productimage",
  "pk": 81,
  "fields": {
    "product": 26,
    "src": "products/product_26/images/1063259.jpg",
    "alt": "1063259"
  }
},
{
  "model": "shopapp.productimage",
  "pk": 82,
  "fields": {
    "product": 26,
    "src": "products/product_26/images/1063259_1.jpg",
    "alt": "1063259_1"
  }
},
{
  "model": "shopapp.productimage",
  "pk": 83,
  "fields": {
    "product": 26,
    "src": "products/product_26/images/1063259_2.jpg",
    "alt": "1063259_2"
  }
},
{
  "model": "shopapp.category",
  "pk": 8,
  "fields": {
    "title": "Электроника",
    "parent": null,
    "src": "categories/category_8/images/responsive.png",
    "alt": "responsive"
  }
},
{
  "model": "shopapp.category",
  "pk": 9,
  "fields": {
    "title": "Кухонная техника",
    "parent": null,
    "src": "categories/category_9/images/kitchen.png",
    "alt": "kitchen"
  }
},
{
  "model": "shopapp.category",
  "pk": 10,
  "fields": {
    "title": "Бытовая техника",
    "parent": null,
    "src": "categories/category_10/images/electronics.png",
    "alt": "electronics"
  }
},
{
  "model": "shopapp.category",
  "pk": 11,
  "fields": {
    "title": "Инструменты",
    "parent": null,
    "src": "categories/category_11/images/helmet.png",
    "alt": "helmet"
  }
},
{
  "model": "shopapp.category",
  "pk": 12,
  "fields": {
    "title": "Телефоны",
    "parent": 8,
    "src": "categories/category_12/images/smartphone.png",
    "alt": "smartphone"
  }
},
{
  "model": "shopapp.category",
  "pk": 13,
  "fields": {
    "title": "Мониторы",
    "parent": 8,
    "src": "categories/category_13/images/desktop.png",
    "alt": "desktop"
  }
},
{
  "model": "shopapp.category",
  "pk": 14,
  "fields": {
    "title": "Компьютеры",
    "parent": 8,
    "src": "categories/category_14/images/tower.png",
    "alt": "tower"
  }
},
{
  "model": "shopapp.category",
  "pk": 15,
  "fields": {
    "title": "Ноутбуки",
    "parent": 8,
    "src": "categories/category_15/images/laptop.png",
    "alt": "laptop"
  }
},
{
  "model": "shopapp.category",
  "pk": 16,
  "fields": {
    "title": "Микроволновки",
    "parent": 9,
    "src": "categories/category_16/images/microwave.png",
    "alt": "microwave"
  }
},
{
  "model": "shopapp.category",
  "pk": 17,
  "fields": {
    "title": "Чайники",
    "parent": 9,
    "src": "categories/category_17/images/kettle.png",
    "alt": "kettle"
  }
},
{
  "model": "shopapp.category",
  "pk": 18,
  "fields": {
    "title": "Варочные поверхности",
    "parent": 9,
    "src": "categories/category_18/images/stove.png",
    "alt": "stove"
  }
},
{
  "model": "shopapp.category",
  "pk": 19,
  "fields": {
    "title": "Духовки",
    "parent": 9,
    "src": "categories/category_19/images/oven.png",
    "alt": "oven"
  }
},
{
  "model": "shopapp.category",
  "pk": 20,
  "fields": {
    "title": "Вытяжки",
    "parent": 9,
    "src": "categories/category_20/images/cooking.png",
    "alt": "cooking"
  }
},
{
  "model": "shopapp.category",
  "pk": 21,
  "fields": {
    "title": "Тостеры",
    "parent": 9,
    "src": "categories/category_21/images/toaster.png",
    "alt": "toaster"
  }
},
{
  "model": "shopapp.category",
  "pk": 22,
  "fields": {
    "title": "Телевизоры",
    "parent": 10,
    "src": "categories/category_22/images/television.png",
    "alt": "television"
  }
},
{
  "model": "shopapp.category",
  "pk": 23,
  "fields": {
    "title": "Стиральные машины",
    "parent": 10,
    "src": "categories/category_23/images/washing-machine.png",
    "alt": "washing-machine"
  }
},
{
  "model": "shopapp.category",
  "pk": 24,
  "fields": {
    "title": "Пылесосы",
    "parent": 10,
    "src": "categories/category_24/images/vacuum-cleaning.png",
    "alt": "vacuum-cleaning"
  }
},
{
  "model": "shopapp.category",
  "pk": 25,
  "fields": {
    "title": "Кондиционеры",
    "parent": 10,
    "src": "categories/category_25/images/air-conditioner.png",
    "alt": "air-conditioner"
  }
},
{
  "model": "shopapp.category",
  "pk": 26,
  "fields": {
    "title": "Фены",
    "parent": 10,
    "src": "categories/category_26/images/hairdryer.png",
    "alt": "hairdryer"
  }
},
{
  "model": "shopapp.category",
  "pk": 27,
  "fields": {
    "title": "Холодильники",
    "parent": 10,
    "src": "categories/category_27/images/fridge.png",
    "alt": "fridge"
  }
},
{
  "model": "shopapp.category",
  "pk": 28,
  "fields": {
    "title": "Дрели",
    "parent": 11,
    "src": "categories/category_28/images/drill.png",
    "alt": "drill"
  }
},
{
  "model": "shopapp.category",
  "pk": 29,
  "fields": {
    "title": "Перформаторы",
    "parent": 11,
    "src": "categories/category_29/images/hammer-drill.png",
    "alt": "hammer-drill"
  }
},
{
  "model": "shopapp.category",
  "pk": 30,
  "fields": {
    "title": "Лобзики",
    "parent": 11,
    "src": "categories/category_30/images/electric.png",
    "alt": "electric"
  }
},
{
  "model": "shopapp.category",
  "pk": 31,
  "fields": {
    "title": "Бензопилы",
    "parent": 11,
    "src": "categories/category_31/images/chainsaw.png",
    "alt": "chainsaw"
  }
},
{
  "model": "shopapp.category",
  "pk": 32,
  "fields": {
    "title": "Наборы инструментов",
    "parent": 11,
    "src": "categories/category_32/images/tools.png",
    "alt": "tools"
  }
},
{
  "model": "shopapp.tag",
  "pk": 1,
  "fields": {
    "name": "Хит продаж"
  }
},
{
  "model": "shopapp.tag",
  "pk": 2,
  "fields": {
    "name": "Энергоэффективность"
  }
},
{
  "model": "shopapp.tag",
  "pk": 3,
  "fields": {
    "name": "Большой размер"
  }
},
{
  "model": "shopapp.tag",
  "pk": 4,
  "fields": {
    "name": "Низкий шум"
  }
},
{
  "model": "shopapp.tag",
  "pk": 5,
  "fields": {
    "name": "Умный дом"
  }
},
{
  "model": "shopapp.tag",
  "pk": 6,
  "fields": {
    "name": "Экологичный"
  }
},
{
  "model": "shopapp.tag",
  "pk": 7,
  "fields": {
    "name": "Профессиональный"
  }
},
{
  "model": "shopapp.producttag",
  "pk": 1,
  "fields": {
    "product": 3,
    "tag": 3
  }
},
{
  "model": "shopapp.producttag",
  "pk": 2,
  "fields": {
    "product": 3,
    "tag": 4
  }
},
{
  "model": "shopapp.producttag",
  "pk": 3,
  "fields": {
    "product": 4,
    "tag": 4
  }
},
{
  "model": "shopapp.producttag",
  "pk": 4,
  "fields": {
    "product": 4,
    "tag": 2
  }
},
{
  "model": "shopapp.producttag",
  "pk": 5,
  "fields": {
    "product": 5,
    "tag": 3
  }
},
{
  "model": "shopapp.producttag",
  "pk": 6,
  "fields": {
    "product": 5,
    "tag": 5
  }
},
{
  "model": "shopapp.producttag",
  "pk": 7,
  "fields": {
    "product": 6,
    "tag": 7
  }
},
{
  "model": "shopapp.producttag",
  "pk": 8,
  "fields": {
    "product": 6,
    "tag": 2
  }
},
{
  "model": "shopapp.producttag",
  "pk": 9,
  "fields": {
    "product": 7,
    "tag": 1
  }
},
{
  "model": "shopapp.producttag",
  "pk": 10,
  "fields": {
    "product": 8,
    "tag": 4
  }
},
{
  "model": "shopapp.producttag",
  "pk": 11,
  "fields": {
    "product": 9,
    "tag": 3
  }
},
{
  "model": "shopapp.producttag",
  "pk": 12,
  "fields": {
    "product": 9,
    "tag": 2
  }
},
{
  "model": "shopapp.producttag",
  "pk": 13,
  "fields": {
    "product": 10,
    "tag": 1
  }
},
{
  "model": "shopapp.producttag",
  "pk": 14,
  "fields": {
    "product": 11,
    "tag": 7
  }
},
{
  "model": "shopapp.producttag",
  "pk": 15,
  "fields": {
    "product": 12,
    "tag": 4
  }
},
{
  "model": "shopapp.producttag",
  "pk": 16,
  "fields": {
    "product": 12,
    "tag": 7
  }
},
{
  "model": "shopapp.producttag",
  "pk": 17,
  "fields": {
    "product": 12,
    "tag": 6
  }
},
{
  "model": "shopapp.producttag",
  "pk": 18,
  "fields": {
    "product": 13,
    "tag": 7
  }
},
{
  "model": "shopapp.producttag",
  "pk": 19,
  "fields": {
    "product": 14,
    "tag": 6
  }
},
{
  "model": "shopapp.producttag",
  "pk": 20,
  "fields": {
    "product": 15,
    "tag": 7
  }
},
{
  "model": "shopapp.producttag",
  "pk": 21,
  "fields": {
    "product": 15,
    "tag": 3
  }
},
{
  "model": "shopapp.producttag",
  "pk": 22,
  "fields": {
    "product": 16,
    "tag": 3
  }
},
{
  "model": "shopapp.producttag",
  "pk": 23,
  "fields": {
    "product": 17,
    "tag": 3
  }
},
{
  "model": "shopapp.producttag",
  "pk": 24,
  "fields": {
    "product": 17,
    "tag": 2
  }
},
{
  "model": "shopapp.producttag",
  "pk": 25,
  "fields": {
    "product": 18,
    "tag": 5
  }
},
{
  "model": "shopapp.producttag",
  "pk": 26,
  "fields": {
    "product": 18,
    "tag": 1
  }
},
{
  "model": "shopapp.producttag",
  "pk": 27,
  "fields": {
    "product": 19,
    "tag": 1
  }
},
{
  "model": "shopapp.producttag",
  "pk": 28,
  "fields": {
    "product": 19,
    "tag": 2
  }
},
{
  "model": "shopapp.producttag",
  "pk": 29,
  "fields": {
    "product": 20,
    "tag": 4
  }
},
{
  "model": "shopapp.producttag",
  "pk": 30,
  "fields": {
    "product": 21,
    "tag": 4
  }
},
{
  "model": "shopapp.producttag",
  "pk": 31,
  "fields": {
    "product": 22,
    "tag": 4
  }
},
{
  "model": "shopapp.producttag",
  "pk": 32,
  "fields": {
    "product": 22,
    "tag": 1
  }
},
{
  "model": "shopapp.producttag",
  "pk": 33,
  "fields": {
    "product": 23,
    "tag": 3
  }
},
{
  "model": "shopapp.producttag",
  "pk": 34,
  "fields": {
    "product": 23,
    "tag": 5
  }
},
{
  "model": "shopapp.producttag",
  "pk": 35,
  "fields": {
    "product": 24,
    "tag": 1
  }
},
{
  "model": "shopapp.producttag",
  "pk": 36,
  "fields": {
    "product": 25,
    "tag": 3
  }
},
{
  "model": "shopapp.producttag",
  "pk": 37,
  "fields": {
    "product": 25,
    "tag": 5
  }
},
{
  "model": "shopapp.producttag",
  "pk": 38,
  "fields": {
    "product": 26,
    "tag": 3
  }
},
{
  "model": "shopapp.review",
  "pk": 1,
  "fields": {
    "product": 3,
    "author": "Викторов Дмитрий",
    "email": "new_mail@gmail.ru",
    "text": "Очень хороший холодильник",
    "rate": 5,
    "date": "2024-06-14T12:57:45.442Z"
  }
},
{
  "model": "shopapp.review",
  "pk": 2,
  "fields": {
    "product": 3,
    "author": "Дмитриев Виктор",
    "email": "old_mail@gmail.ru",
    "text": "Плохой холодильник",
    "rate": 2,
    "date": "2024-06-14T13:14:12.144Z"
  }
},
{
  "model": "shopapp.review",
  "pk": 3,
  "fields": {
    "product": 3,
    "author": "Postman user",
    "email": "mepostman@gmail.ru",
    "text": "My opinion about product number 3",
    "rate": 4,
    "date": "2024-06-15T09:40:00.380Z"
  }
},
{
  "model": "shopapp.specification",
  "pk": 1,
  "fields": {
    "product": 3,
    "name": "Тип компрессора",
    "value": "инверторный"
  }
},
{
  "model": "shopapp.specification",
  "pk": 2,
  "fields": {
    "product": 3,
    "name": "Габариты (ВxШxГ) (см)",
    "value": "201x59.5x65"
  }
},
{
  "model": "shopapp.specification",
  "pk": 3,
  "fields": {
    "product": 4,
    "name": "Тип загрузки",
    "value": "фронтальная"
  }
},
{
  "model": "shopapp.specification",
  "pk": 4,
  "fields": {
    "product": 4,
    "name": "Количество белья (кг)",
    "value": "7.5"
  }
},
{
  "model": "shopapp.specification",
  "pk": 5,
  "fields": {
    "product": 4,
    "name": "Габариты (ВxШxГ) (см)",
    "value": "84x59.6x45"
  }
},
{
  "model": "shopapp.specification",
  "pk": 6,
  "fields": {
    "product": 5,
    "name": "Тип компрессора",
    "value": "стандартный"
  }
},
{
  "model": "shopapp.specification",
  "pk": 7,
  "fields": {
    "product": 5,
    "name": "Габариты (ВxШxГ) (см)",
    "value": "196x60x64"
  }
},
{
  "model": "shopapp.specification",
  "pk": 8,
  "fields": {
    "product": 5,
    "name": "Система размораживания",
    "value": "No Frost (морозильное и холодильное отделения)"
  }
},
{
  "model": "shopapp.specification",
  "pk": 9,
  "fields": {
    "product": 6,
    "name": "Тип компрессора",
    "value": "стандартный"
  }
},
{
  "model": "shopapp.specification",
  "pk": 10,
  "fields": {
    "product": 6,
    "name": "Габариты (ВxШxГ) (см)",
    "value": "190.5x59.5x67.2"
  }
},
{
  "model": "shopapp.specification",
  "pk": 11,
  "fields": {
    "product": 6,
    "name": "Класс энергопотребления",
    "value": "A+"
  }
},
{
  "model": "shopapp.specification",
  "pk": 12,
  "fields": {
    "product": 7,
    "name": "Тип компрессора",
    "value": "стандартный"
  }
},
{
  "model": "shopapp.specification",
  "pk": 13,
  "fields": {
    "product": 7,
    "name": "Габариты (ВxШxГ) (см)",
    "value": "200x60x59.2"
  }
},
{
  "model": "shopapp.specification",
  "pk": 14,
  "fields": {
    "product": 7,
    "name": "Система размораживания",
    "value": "No Frost (морозильное и холодильное отделения)"
  }
},
{
  "model": "shopapp.specification",
  "pk": 15,
  "fields": {
    "product": 7,
    "name": "Класс энергопотребления",
    "value": "A++"
  }
},
{
  "model": "shopapp.specification",
  "pk": 16,
  "fields": {
    "product": 8,
    "name": "Тип загрузки",
    "value": "фронтальная"
  }
},
{
  "model": "shopapp.specification",
  "pk": 17,
  "fields": {
    "product": 8,
    "name": "Количество белья (кг)",
    "value": "6"
  }
},
{
  "model": "shopapp.specification",
  "pk": 18,
  "fields": {
    "product": 8,
    "name": "Габариты (ВxШxГ) (см)",
    "value": "85x59.5x42.5"
  }
},
{
  "model": "shopapp.specification",
  "pk": 19,
  "fields": {
    "product": 9,
    "name": "Тип загрузки",
    "value": "фронтальная"
  }
},
{
  "model": "shopapp.specification",
  "pk": 20,
  "fields": {
    "product": 9,
    "name": "Количество белья (кг)",
    "value": "8"
  }
},
{
  "model": "shopapp.specification",
  "pk": 21,
  "fields": {
    "product": 9,
    "name": "Габариты (ВxШxГ) (см)",
    "value": "85x59.5x42.5"
  }
},
{
  "model": "shopapp.specification",
  "pk": 22,
  "fields": {
    "product": 10,
    "name": "Тип загрузки",
    "value": "фронтальная"
  }
},
{
  "model": "shopapp.specification",
  "pk": 23,
  "fields": {
    "product": 10,
    "name": "Габариты (ВxШxГ) (см)",
    "value": "85x60x34"
  }
},
{
  "model": "shopapp.specification",
  "pk": 24,
  "fields": {
    "product": 10,
    "name": "Категория стиральной машины",
    "value": "суперузкая"
  }
},
{
  "model": "shopapp.specification",
  "pk": 25,
  "fields": {
    "product": 11,
    "name": "Тип пылесоса",
    "value": "контейнерный"
  }
},
{
  "model": "shopapp.specification",
  "pk": 26,
  "fields": {
    "product": 12,
    "name": "Тип пылесоса",
    "value": "контейнерный"
  }
},
{
  "model": "shopapp.specification",
  "pk": 27,
  "fields": {
    "product": 12,
    "name": "Управление",
    "value": "на ручке"
  }
},
{
  "model": "shopapp.specification",
  "pk": 28,
  "fields": {
    "product": 12,
    "name": "Потребляемая мощность (Вт)",
    "value": "890"
  }
},
{
  "model": "shopapp.specification",
  "pk": 29,
  "fields": {
    "product": 13,
    "name": "Тип пылесоса",
    "value": "контейнерный"
  }
},
{
  "model": "shopapp.specification",
  "pk": 30,
  "fields": {
    "product": 13,
    "name": "Управление",
    "value": "на корпусе"
  }
},
{
  "model": "shopapp.specification",
  "pk": 31,
  "fields": {
    "product": 13,
    "name": "Потребляемая мощность (Вт)",
    "value": "1400"
  }
},
{
  "model": "shopapp.specification",
  "pk": 32,
  "fields": {
    "product": 14,
    "name": "Тип пылесоса",
    "value": "мешковой"
  }
},
{
  "model": "shopapp.specification",
  "pk": 33,
  "fields": {
    "product": 14,
    "name": "Управление",
    "value": "на корпусе"
  }
},
{
  "model": "shopapp.specification",
  "pk": 34,
  "fields": {
    "product": 14,
    "name": "Емкость пылесборника (л)",
    "value": "6"
  }
},
{
  "model": "shopapp.specification",
  "pk": 35,
  "fields": {
    "product": 15,
    "name": "Максимальная площадь помещения (м²)",
    "value": "25"
  }
},
{
  "model": "shopapp.specification",
  "pk": 36,
  "fields": {
    "product": 15,
    "name": "Режим работы",
    "value": "охлаждение/обогрев/осушение"
  }
},
{
  "model": "shopapp.specification",
  "pk": 37,
  "fields": {
    "product": 15,
    "name": "Инверторный компрессор",
    "value": "инверторные"
  }
},
{
  "model": "shopapp.specification",
  "pk": 38,
  "fields": {
    "product": 16,
    "name": "Максимальная площадь помещения (м²)",
    "value": "25"
  }
},
{
  "model": "shopapp.specification",
  "pk": 39,
  "fields": {
    "product": 16,
    "name": "Установка внутреннего блока",
    "value": "настенная"
  }
},
{
  "model": "shopapp.specification",
  "pk": 40,
  "fields": {
    "product": 17,
    "name": "Максимальная площадь помещения (м²)",
    "value": "20"
  }
},
{
  "model": "shopapp.specification",
  "pk": 41,
  "fields": {
    "product": 17,
    "name": "Режим работы",
    "value": "охлаждение/обогрев/осушение/вентиляция"
  }
},
{
  "model": "shopapp.specification",
  "pk": 42,
  "fields": {
    "product": 18,
    "name": "Максимальная площадь помещения (м²)",
    "value": "9"
  }
},
{
  "model": "shopapp.specification",
  "pk": 43,
  "fields": {
    "product": 18,
    "name": "Режим работы",
    "value": "оxлаждение/обогрев"
  }
},
{
  "model": "shopapp.specification",
  "pk": 44,
  "fields": {
    "product": 18,
    "name": "Мощность в режиме охлаждения (кВт)",
    "value": "0.919"
  }
},
{
  "model": "shopapp.specification",
  "pk": 45,
  "fields": {
    "product": 19,
    "name": "Тип",
    "value": "бытовой"
  }
},
{
  "model": "shopapp.specification",
  "pk": 46,
  "fields": {
    "product": 19,
    "name": "Мощность (Вт)",
    "value": "1600"
  }
},
{
  "model": "shopapp.specification",
  "pk": 47,
  "fields": {
    "product": 19,
    "name": "Тип мотора",
    "value": "цифровой"
  }
},
{
  "model": "shopapp.specification",
  "pk": 48,
  "fields": {
    "product": 20,
    "name": "Тип",
    "value": "бытовой"
  }
},
{
  "model": "shopapp.specification",
  "pk": 49,
  "fields": {
    "product": 20,
    "name": "Мощность (Вт)",
    "value": "2200"
  }
},
{
  "model": "shopapp.specification",
  "pk": 50,
  "fields": {
    "product": 20,
    "name": "Количество скоростей",
    "value": "2"
  }
},
{
  "model": "shopapp.specification",
  "pk": 51,
  "fields": {
    "product": 21,
    "name": "Мощность (Вт)",
    "value": "2000"
  }
},
{
  "model": "shopapp.specification",
  "pk": 52,
  "fields": {
    "product": 21,
    "name": "Тип мотора",
    "value": "DC (постоянного тока)"
  }
},
{
  "model": "shopapp.specification",
  "pk": 53,
  "fields": {
    "product": 22,
    "name": "Тип",
    "value": "бытовой"
  }
},
{
  "model": "shopapp.specification",
  "pk": 54,
  "fields": {
    "product": 22,
    "name": "Мощность (Вт)",
    "value": "1600"
  }
},
{
  "model": "shopapp.specification",
  "pk": 55,
  "fields": {
    "product": 22,
    "name": "Тип мотора",
    "value": "AC (переменного тока)"
  }
},
{
  "model": "shopapp.specification",
  "pk": 56,
  "fields": {
    "product": 22,
    "name": "Количество скоростей",
    "value": "2"
  }
},
{
  "model": "shopapp.specification",
  "pk": 57,
  "fields": {
    "product": 23,
    "name": "Smart TV",
    "value": "+"
  }
},
{
  "model": "shopapp.specification",
  "pk": 58,
  "fields": {
    "product": 23,
    "name": "Размер диагонали (\")",
    "value": "43"
  }
},
{
  "model": "shopapp.specification",
  "pk": 59,
  "fields": {
    "product": 23,
    "name": "Тип дисплея",
    "value": "LED"
  }
},
{
  "model": "shopapp.specification",
  "pk": 60,
  "fields": {
    "product": 24,
    "name": "Smart TV",
    "value": "+"
  }
},
{
  "model": "shopapp.specification",
  "pk": 61,
  "fields": {
    "product": 24,
    "name": "Размер диагонали (\")",
    "value": "32"
  }
},
{
  "model": "shopapp.specification",
  "pk": 62,
  "fields": {
    "product": 24,
    "name": "Wi-Fi",
    "value": "+"
  }
},
{
  "model": "shopapp.specification",
  "pk": 63,
  "fields": {
    "product": 25,
    "name": "Smart TV",
    "value": "+"
  }
},
{
  "model": "shopapp.specification",
  "pk": 64,
  "fields": {
    "product": 25,
    "name": "Размер диагонали (\")",
    "value": "24"
  }
},
{
  "model": "shopapp.specification",
  "pk": 65,
  "fields": {
    "product": 25,
    "name": "Разрешение экрана",
    "value": "HD (1366x768)"
  }
},
{
  "model": "shopapp.specification",
  "pk": 66,
  "fields": {
    "product": 26,
    "name": "Smart TV",
    "value": "+"
  }
},
{
  "model": "shopapp.specification",
  "pk": 67,
  "fields": {
    "product": 26,
    "name": "Размер диагонали (\")",
    "value": "32"
  }
},
{
  "model": "shopapp.specification",
  "pk": 68,
  "fields": {
    "product": 26,
    "name": "Разрешение экрана",
    "value": "Full HD (1920x1080)"
  }
},
{
  "model": "shopapp.order",
  "pk": 8,
  "fields": {
    "profile": 20,
    "createdAt": "2024-06-15T13:48:36.395Z",
    "deliveryType": "",
    "paymentType": "",
    "totalCost": "0.00",
    "status": "",
    "city": "",
    "address": ""
  }
},
{
  "model": "shopapp.order",
  "pk": 9,
  "fields": {
    "profile": 20,
    "createdAt": "2024-06-15T13:48:58.401Z",
    "deliveryType": "",
    "paymentType": "",
    "totalCost": "0.00",
    "status": "",
    "city": "",
    "address": ""
  }
},
{
  "model": "shopapp.order",
  "pk": 10,
  "fields": {
    "profile": 20,
    "createdAt": "2024-06-15T13:49:22.097Z",
    "deliveryType": "",
    "paymentType": "",
    "totalCost": "0.00",
    "status": "",
    "city": "",
    "address": ""
  }
},
{
  "model": "shopapp.order",
  "pk": 11,
  "fields": {
    "profile": 20,
    "createdAt": "2024-06-15T13:49:56.326Z",
    "deliveryType": "",
    "paymentType": "",
    "totalCost": "0.00",
    "status": "",
    "city": "",
    "address": ""
  }
},
{
  "model": "shopapp.order",
  "pk": 12,
  "fields": {
    "profile": 20,
    "createdAt": "2024-06-15T13:51:04.247Z",
    "deliveryType": "",
    "paymentType": "",
    "totalCost": "1050.00",
    "status": "",
    "city": "",
    "address": ""
  }
},
{
  "model": "shopapp.order",
  "pk": 13,
  "fields": {
    "profile": 20,
    "createdAt": "2024-06-15T13:53:13.985Z",
    "deliveryType": "",
    "paymentType": "",
    "totalCost": "1050.00",
    "status": "",
    "city": "",
    "address": ""
  }
},
{
  "model": "shopapp.order",
  "pk": 14,
  "fields": {
    "profile": 20,
    "createdAt": "2024-06-17T10:35:05.322Z",
    "deliveryType": "",
    "paymentType": "",
    "totalCost": "0.00",
    "status": "",
    "city": "",
    "address": ""
  }
},
{
  "model": "shopapp.order",
  "pk": 15,
  "fields": {
    "profile": 20,
    "createdAt": "2024-06-17T10:40:15.418Z",
    "deliveryType": "",
    "paymentType": "",
    "totalCost": "0.00",
    "status": "",
    "city": "",
    "address": ""
  }
},
{
  "model": "shopapp.order",
  "pk": 16,
  "fields": {
    "profile": 20,
    "createdAt": "2024-06-17T10:40:56.205Z",
    "deliveryType": "",
    "paymentType": "",
    "totalCost": "0.00",
    "status": "",
    "city": "",
    "address": ""
  }
},
{
  "model": "shopapp.order",
  "pk": 17,
  "fields": {
    "profile": 20,
    "createdAt": "2024-06-17T10:48:32.480Z",
    "deliveryType": "",
    "paymentType": "",
    "totalCost": "0.00",
    "status": "",
    "city": "",
    "address": ""
  }
},
{
  "model": "shopapp.order",
  "pk": 18,
  "fields": {
    "profile": null,
    "createdAt": "2024-06-17T12:39:40.237Z",
    "deliveryType": "",
    "paymentType": "",
    "totalCost": "1050.00",
    "status": "accepted",
    "city": "",
    "address": ""
  }
},
{
  "model": "shopapp.order",
  "pk": 19,
  "fields": {
    "profile": null,
    "createdAt": "2024-06-17T12:58:41.764Z",
    "deliveryType": "",
    "paymentType": "",
    "totalCost": "1050.00",
    "status": "accepted",
    "city": "",
    "address": ""
  }
},
{
  "model": "shopapp.order",
  "pk": 20,
  "fields": {
    "profile": null,
    "createdAt": "2024-06-17T13:01:24.162Z",
    "deliveryType": "",
    "paymentType": "",
    "totalCost": "1050.00",
    "status": "accepted",
    "city": "",
    "address": ""
  }
},
{
  "model": "shopapp.order",
  "pk": 21,
  "fields": {
    "profile": null,
    "createdAt": "2024-06-17T13:01:52.317Z",
    "deliveryType": "",
    "paymentType": "",
    "totalCost": "1050.00",
    "status": "accepted",
    "city": "",
    "address": ""
  }
},
{
  "model": "shopapp.order",
  "pk": 22,
  "fields": {
    "profile": null,
    "createdAt": "2024-06-17T14:02:25.658Z",
    "deliveryType": "",
    "paymentType": "",
    "totalCost": "1050.00",
    "status": "accepted",
    "city": "",
    "address": ""
  }
},
{
  "model": "shopapp.order",
  "pk": 23,
  "fields": {
    "profile": 20,
    "createdAt": "2024-06-17T16:46:20.776Z",
    "deliveryType": "",
    "paymentType": "",
    "totalCost": "0.00",
    "status": "accepted",
    "city": "",
    "address": ""
  }
},
{
  "model": "shopapp.order",
  "pk": 24,
  "fields": {
    "profile": null,
    "createdAt": "2024-06-17T16:47:47.600Z",
    "deliveryType": "",
    "paymentType": "",
    "totalCost": "0.00",
    "status": "",
    "city": "",
    "address": ""
  }
},
{
  "model": "shopapp.order",
  "pk": 25,
  "fields": {
    "profile": null,
    "createdAt": "2024-06-17T16:48:49.175Z",
    "deliveryType": "",
    "paymentType": "",
    "totalCost": "0.00",
    "status": "",
    "city": "",
    "address": ""
  }
},
{
  "model": "shopapp.order",
  "pk": 26,
  "fields": {
    "profile": null,
    "createdAt": "2024-06-17T16:49:00.008Z",
    "deliveryType": "free",
    "paymentType": "online",
    "totalCost": "567.80",
    "status": "accepted",
    "city": "Moscow",
    "address": "red square 1"
  }
},
{
  "model": "shopapp.order",
  "pk": 27,
  "fields": {
    "profile": null,
    "createdAt": "2024-06-17T16:49:11.531Z",
    "deliveryType": "",
    "paymentType": "",
    "totalCost": "0.00",
    "status": "",
    "city": "",
    "address": ""
  }
},
{
  "model": "shopapp.order",
  "pk": 28,
  "fields": {
    "profile": null,
    "createdAt": "2024-06-17T16:50:05.858Z",
    "deliveryType": "",
    "paymentType": "",
    "totalCost": "0.00",
    "status": "accepted",
    "city": "",
    "address": ""
  }
},
{
  "model": "shopapp.order",
  "pk": 29,
  "fields": {
    "profile": null,
    "createdAt": "2024-06-17T16:51:03.039Z",
    "deliveryType": "",
    "paymentType": "",
    "totalCost": "0.00",
    "status": "",
    "city": "",
    "address": ""
  }
},
{
  "model": "shopapp.order",
  "pk": 30,
  "fields": {
    "profile": null,
    "createdAt": "2024-06-17T16:51:55.097Z",
    "deliveryType": "",
    "paymentType": "",
    "totalCost": "0.00",
    "status": "",
    "city": "",
    "address": ""
  }
},
{
  "model": "shopapp.order",
  "pk": 31,
  "fields": {
    "profile": null,
    "createdAt": "2024-06-17T16:53:19.870Z",
    "deliveryType": "",
    "paymentType": "",
    "totalCost": "0.00",
    "status": "",
    "city": "",
    "address": ""
  }
},
{
  "model": "shopapp.order",
  "pk": 32,
  "fields": {
    "profile": null,
    "createdAt": "2024-06-18T06:16:13.664Z",
    "deliveryType": "",
    "paymentType": "",
    "totalCost": "0.00",
    "status": "",
    "city": "",
    "address": ""
  }
},
{
  "model": "shopapp.order",
  "pk": 33,
  "fields": {
    "profile": 20,
    "createdAt": "2024-06-18T06:23:34.241Z",
    "deliveryType": "free",
    "paymentType": "online",
    "totalCost": "767.80",
    "status": "confirmed",
    "city": "Moscow",
    "address": "red square 1"
  }
},
{
  "model": "shopapp.order",
  "pk": 34,
  "fields": {
    "profile": 20,
    "createdAt": "2024-06-18T10:49:44.541Z",
    "deliveryType": "free",
    "paymentType": "online",
    "totalCost": "2567.80",
    "status": "paid",
    "city": "Moscow",
    "address": "red square 1"
  }
},
{
  "model": "shopapp.order",
  "pk": 35,
  "fields": {
    "profile": 20,
    "createdAt": "2024-06-18T18:27:01.309Z",
    "deliveryType": "",
    "paymentType": "",
    "totalCost": "650.00",
    "status": "accepted",
    "city": "",
    "address": ""
  }
},
{
  "model": "shopapp.order",
  "pk": 36,
  "fields": {
    "profile": 20,
    "createdAt": "2024-06-19T13:58:25.764Z",
    "deliveryType": "",
    "paymentType": "",
    "totalCost": "175.00",
    "status": "accepted",
    "city": "",
    "address": ""
  }
},
{
  "model": "shopapp.order",
  "pk": 37,
  "fields": {
    "profile": 20,
    "createdAt": "2024-06-20T09:43:34.324Z",
    "deliveryType": "",
    "paymentType": "",
    "totalCost": "0.00",
    "status": "accepted",
    "city": "",
    "address": ""
  }
},
{
  "model": "shopapp.order",
  "pk": 38,
  "fields": {
    "profile": 20,
    "createdAt": "2024-06-20T09:57:42.775Z",
    "deliveryType": "",
    "paymentType": "",
    "totalCost": "0.00",
    "status": "",
    "city": "",
    "address": ""
  }
},
{
  "model": "shopapp.order",
  "pk": 39,
  "fields": {
    "profile": 20,
    "createdAt": "2024-06-20T09:59:10.007Z",
    "deliveryType": "express",
    "paymentType": "online",
    "totalCost": "1836.00",
    "status": "paid",
    "city": "Moscow",
    "address": "red square 1"
  }
},
{
  "model": "shopapp.order",
  "pk": 40,
  "fields": {
    "profile": 20,
    "createdAt": "2024-06-20T10:08:21.071Z",
    "deliveryType": "",
    "paymentType": "",
    "totalCost": "1336.00",
    "status": "accepted",
    "city": "",
    "address": ""
  }
},
{
  "model": "shopapp.order",
  "pk": 41,
  "fields": {
    "profile": 20,
    "createdAt": "2024-06-20T10:10:39.233Z",
    "deliveryType": "",
    "paymentType": "",
    "totalCost": "1336.00",
    "status": "accepted",
    "city": "",
    "address": ""
  }
},
{
  "model": "shopapp.order",
  "pk": 42,
  "fields": {
    "profile": 20,
    "createdAt": "2024-06-20T10:12:32.818Z",
    "deliveryType": "",
    "paymentType": "",
    "totalCost": "1336.00",
    "status": "accepted",
    "city": "",
    "address": ""
  }
},
{
  "model": "shopapp.order",
  "pk": 43,
  "fields": {
    "profile": 20,
    "createdAt": "2024-06-20T10:21:10.477Z",
    "deliveryType": "",
    "paymentType": "",
    "totalCost": "1336.00",
    "status": "accepted",
    "city": "",
    "address": ""
  }
},
{
  "model": "shopapp.orderitem",
  "pk": 7,
  "fields": {
    "order": 9,
    "product": 3,
    "quantity": 1
  }
},
{
  "model": "shopapp.orderitem",
  "pk": 8,
  "fields": {
    "order": 10,
    "product": 3,
    "quantity": 1
  }
},
{
  "model": "shopapp.orderitem",
  "pk": 9,
  "fields": {
    "order": 11,
    "product": 3,
    "quantity": 1
  }
},
{
  "model": "shopapp.orderitem",
  "pk": 10,
  "fields": {
    "order": 11,
    "product": 4,
    "quantity": 1
  }
},
{
  "model": "shopapp.orderitem",
  "pk": 11,
  "fields": {
    "order": 12,
    "product": 3,
    "quantity": 1
  }
},
{
  "model": "shopapp.orderitem",
  "pk": 12,
  "fields": {
    "order": 12,
    "product": 4,
    "quantity": 1
  }
},
{
  "model": "shopapp.orderitem",
  "pk": 13,
  "fields": {
    "order": 13,
    "product": 3,
    "quantity": 1
  }
},
{
  "model": "shopapp.orderitem",
  "pk": 14,
  "fields": {
    "order": 13,
    "product": 4,
    "quantity": 1
  }
},
{
  "model": "shopapp.orderitem",
  "pk": 15,
  "fields": {
    "order": 14,
    "product": 3,
    "quantity": 0
  }
},
{
  "model": "shopapp.orderitem",
  "pk": 16,
  "fields": {
    "order": 14,
    "product": 4,
    "quantity": 0
  }
},
{
  "model": "shopapp.orderitem",
  "pk": 17,
  "fields": {
    "order": 15,
    "product": 3,
    "quantity": 0
  }
},
{
  "model": "shopapp.orderitem",
  "pk": 18,
  "fields": {
    "order": 15,
    "product": 4,
    "quantity": 0
  }
},
{
  "model": "shopapp.orderitem",
  "pk": 19,
  "fields": {
    "order": 16,
    "product": 3,
    "quantity": 0
  }
},
{
  "model": "shopapp.orderitem",
  "pk": 20,
  "fields": {
    "order": 16,
    "product": 4,
    "quantity": 0
  }
},
{
  "model": "shopapp.orderitem",
  "pk": 21,
  "fields": {
    "order": 17,
    "product": 3,
    "quantity": 0
  }
},
{
  "model": "shopapp.orderitem",
  "pk": 22,
  "fields": {
    "order": 17,
    "product": 4,
    "quantity": 0
  }
},
{
  "model": "shopapp.orderitem",
  "pk": 23,
  "fields": {
    "order": 18,
    "product": 3,
    "quantity": 1
  }
},
{
  "model": "shopapp.orderitem",
  "pk": 24,
  "fields": {
    "order": 18,
    "product": 4,
    "quantity": 1
  }
},
{
  "model": "shopapp.orderitem",
  "pk": 25,
  "fields": {
    "order": 19,
    "product": 3,
    "quantity": 1
  }
},
{
  "model": "shopapp.orderitem",
  "pk": 26,
  "fields": {
    "order": 19,
    "product": 4,
    "quantity": 1
  }
},
{
  "model": "shopapp.orderitem",
  "pk": 27,
  "fields": {
    "order": 20,
    "product": 3,
    "quantity": 1
  }
},
{
  "model": "shopapp.orderitem",
  "pk": 28,
  "fields": {
    "order": 20,
    "product": 4,
    "quantity": 1
  }
},
{
  "model": "shopapp.orderitem",
  "pk": 29,
  "fields": {
    "order": 21,
    "product": 3,
    "quantity": 1
  }
},
{
  "model": "shopapp.orderitem",
  "pk": 30,
  "fields": {
    "order": 21,
    "product": 4,
    "quantity": 1
  }
},
{
  "model": "shopapp.orderitem",
  "pk": 31,
  "fields": {
    "order": 22,
    "product": 3,
    "quantity": 1
  }
},
{
  "model": "shopapp.orderitem",
  "pk": 32,
  "fields": {
    "order": 22,
    "product": 4,
    "quantity": 1
  }
},
{
  "model": "shopapp.orderitem",
  "pk": 33,
  "fields": {
    "order": 23,
    "product": 3,
    "quantity": 0
  }
},
{
  "model": "shopapp.orderitem",
  "pk": 34,
  "fields": {
    "order": 23,
    "product": 4,
    "quantity": 0
  }
},
{
  "model": "shopapp.orderitem",
  "pk": 35,
  "fields": {
    "order": 33,
    "product": 3,
    "quantity": 1
  }
},
{
  "model": "shopapp.orderitem",
  "pk": 36,
  "fields": {
    "order": 28,
    "product": 3,
    "quantity": 0
  }
},
{
  "model": "shopapp.orderitem",
  "pk": 37,
  "fields": {
    "order": 28,
    "product": 4,
    "quantity": 0
  }
},
{
  "model": "shopapp.orderitem",
  "pk": 38,
  "fields": {
    "order": 34,
    "product": 3,
    "quantity": 0
  }
},
{
  "model": "shopapp.orderitem",
  "pk": 39,
  "fields": {
    "order": 34,
    "product": 4,
    "quantity": 0
  }
},
{
  "model": "shopapp.orderitem",
  "pk": 40,
  "fields": {
    "order": 35,
    "product": 3,
    "quantity": 1
  }
},
{
  "model": "shopapp.orderitem",
  "pk": 41,
  "fields": {
    "order": 36,
    "product": 11,
    "quantity": 1
  }
},
{
  "model": "shopapp.orderitem",
  "pk": 42,
  "fields": {
    "order": 37,
    "product": 9,
    "quantity": 0
  }
},
{
  "model": "shopapp.orderitem",
  "pk": 43,
  "fields": {
    "order": 37,
    "product": 13,
    "quantity": 0
  }
},
{
  "model": "shopapp.orderitem",
  "pk": 44,
  "fields": {
    "order": 37,
    "product": 22,
    "quantity": 0
  }
},
{
  "model": "shopapp.orderitem",
  "pk": 45,
  "fields": {
    "order": 37,
    "product": 25,
    "quantity": 0
  }
},
{
  "model": "shopapp.orderitem",
  "pk": 46,
  "fields": {
    "order": 38,
    "product": 9,
    "quantity": 0
  }
},
{
  "model": "shopapp.orderitem",
  "pk": 47,
  "fields": {
    "order": 38,
    "product": 13,
    "quantity": 0
  }
},
{
  "model": "shopapp.orderitem",
  "pk": 48,
  "fields": {
    "order": 38,
    "product": 22,
    "quantity": 0
  }
},
{
  "model": "shopapp.orderitem",
  "pk": 49,
  "fields": {
    "order": 38,
    "product": 25,
    "quantity": 0
  }
},
{
  "model": "shopapp.orderitem",
  "pk": 50,
  "fields": {
    "order": 39,
    "product": 9,
    "quantity": 0
  }
},
{
  "model": "shopapp.orderitem",
  "pk": 51,
  "fields": {
    "order": 39,
    "product": 13,
    "quantity": 0
  }
},
{
  "model": "shopapp.orderitem",
  "pk": 52,
  "fields": {
    "order": 39,
    "product": 22,
    "quantity": 0
  }
},
{
  "model": "shopapp.orderitem",
  "pk": 53,
  "fields": {
    "order": 39,
    "product": 25,
    "quantity": 0
  }
},
{
  "model": "shopapp.orderitem",
  "pk": 54,
  "fields": {
    "order": 40,
    "product": 9,
    "quantity": 0
  }
},
{
  "model": "shopapp.orderitem",
  "pk": 55,
  "fields": {
    "order": 40,
    "product": 13,
    "quantity": 0
  }
},
{
  "model": "shopapp.orderitem",
  "pk": 56,
  "fields": {
    "order": 40,
    "product": 22,
    "quantity": 0
  }
},
{
  "model": "shopapp.orderitem",
  "pk": 57,
  "fields": {
    "order": 40,
    "product": 25,
    "quantity": 0
  }
},
{
  "model": "shopapp.orderitem",
  "pk": 58,
  "fields": {
    "order": 41,
    "product": 9,
    "quantity": 0
  }
},
{
  "model": "shopapp.orderitem",
  "pk": 59,
  "fields": {
    "order": 41,
    "product": 13,
    "quantity": 0
  }
},
{
  "model": "shopapp.orderitem",
  "pk": 60,
  "fields": {
    "order": 41,
    "product": 22,
    "quantity": 0
  }
},
{
  "model": "shopapp.orderitem",
  "pk": 61,
  "fields": {
    "order": 41,
    "product": 25,
    "quantity": 0
  }
},
{
  "model": "shopapp.orderitem",
  "pk": 62,
  "fields": {
    "order": 42,
    "product": 9,
    "quantity": 0
  }
},
{
  "model": "shopapp.orderitem",
  "pk": 63,
  "fields": {
    "order": 42,
    "product": 13,
    "quantity": 0
  }
},
{
  "model": "shopapp.orderitem",
  "pk": 64,
  "fields": {
    "order": 42,
    "product": 22,
    "quantity": 0
  }
},
{
  "model": "shopapp.orderitem",
  "pk": 65,
  "fields": {
    "order": 42,
    "product": 25,
    "quantity": 0
  }
},
{
  "model": "shopapp.orderitem",
  "pk": 66,
  "fields": {
    "order": 43,
    "product": 9,
    "quantity": 1
  }
},
{
  "model": "shopapp.orderitem",
  "pk": 67,
  "fields": {
    "order": 43,
    "product": 13,
    "quantity": 1
  }
},
{
  "model": "shopapp.orderitem",
  "pk": 68,
  "fields": {
    "order": 43,
    "product": 22,
    "quantity": 2
  }
},
{
  "model": "shopapp.orderitem",
  "pk": 69,
  "fields": {
    "order": 43,
    "product": 25,
    "quantity": 1
  }
},
{
  "model": "shopapp.orderdeliverytype",
  "pk": 1,
  "fields": {
    "type": "express",
    "min_cost": "0.00",
    "delivery_cost": "500.00"
  }
},
{
  "model": "shopapp.orderdeliverytype",
  "pk": 2,
  "fields": {
    "type": "free",
    "min_cost": "2000.00",
    "delivery_cost": "200.00"
  }
},
{
  "model": "shopapp.sale",
  "pk": 1,
  "fields": {
    "product": 3,
    "salePrice": "600.00",
    "dateFrom": "2024-06-05",
    "dateTo": "2024-06-26"
  }
}
]
